Lirik lagu mereka tidak masuk akal bagi saya.,Negatif
Saya tidak terkesan dengan rilis terbaru mereka.,Negatif
Saya tidak suka gaya baru mereka.,Negatif
Mereka semakin baik setiap comeback!,Positif
Saya tidak suka gaya baru mereka.,Negatif
Saya tidak suka lagu-lagu mereka lagi.,Negatif
Saya tidak suka lagu-lagu mereka lagi.,Negatif
"Penampilan mereka biasa saja, tidak ada yang spesial.",Netral
Video musiknya cukup membosankan.,Negatif
Musik mereka sudah tidak sebagus dulu.,Negatif
"Konsernya seru, tapi kualitas suaranya bisa lebih baik.",Netral
"Mereka cukup baik, tapi tidak terlalu spesial.",Netral
Lirik lagu mereka tidak masuk akal bagi saya.,Negatif
"Saya suka album baru mereka, sangat luar biasa!",Positif
Saya merasa biasa saja tentang album terbaru mereka.,Netral
Penampilan mereka lumayan.,Netral
"Mereka cukup baik, tapi tidak terlalu spesial.",Netral
Saya tidak terkesan dengan rilis terbaru mereka.,Negatif
Saya tidak terkesan dengan rilis terbaru mereka.,Negatif
Saya tidak suka lagu-lagu mereka lagi.,Negatif
Saya merasa biasa saja tentang album terbaru mereka.,Netral
Koreografinya agak mengecewakan kali ini.,Negatif
Video musiknya cukup membosankan.,Negatif
"Penampilan mereka biasa saja, tidak ada yang spesial.",Netral
"Mereka selalu menyuguhkan musik terbaik, sangat berbakat!",Positif
"Mereka selalu menyuguhkan musik terbaik, sangat berbakat!",Positif
"Konsernya seru, tapi kualitas suaranya bisa lebih baik.",Netral
Fan meeting-nya sangat terorganisir.,Positif
"Mereka selalu menyuguhkan musik terbaik, sangat berbakat!",Positif
Lirik lagu mereka tidak masuk akal bagi saya.,Negatif
"Lagu barunya bagus, tapi tidak luar biasa.",Netral
Saya kecewa dengan penampilan mereka.,Negatif
Pertunjukan live mereka sangat energik dan menyenangkan!,Positif
"Mereka cukup baik, tapi tidak terlalu spesial.",Netral
Saya merasa biasa saja tentang album terbaru mereka.,Netral
Mereka adalah yang terbaik!,Positif
Vokal mereka selalu bagus!,Positif
Video musiknya cukup membosankan.,Negatif
"Mereka cukup baik, tapi tidak terlalu spesial.",Netral
"Penampilan mereka biasa saja, tidak ada yang spesial.",Netral
Saya suka menonton wawancara mereka.,Positif
Saya tidak punya pendapat kuat tentang mereka.,Netral
Mereka punya gaya unik yang menonjol.,Positif
Musik mereka sudah tidak sebagus dulu.,Negatif
"Mereka selalu menyuguhkan musik terbaik, sangat berbakat!",Positif
"Penampilan mereka biasa saja, tidak ada yang spesial.",Netral
Video musiknya cukup membosankan.,Negatif
Saya tidak menyukai arah musik mereka sekarang.,Negatif
"Lagu barunya bagus, tapi tidak luar biasa.",Netral
Lirik lagu mereka tidak masuk akal bagi saya.,Negatif
Saya tidak suka lagu-lagu mereka lagi.,Negatif
Saya tidak suka gaya baru mereka.,Negatif
Saya merasa biasa saja tentang album terbaru mereka.,Netral
"Penampilan mereka biasa saja, tidak ada yang spesial.",Netral
Fan meeting-nya sangat terorganisir.,Positif
Saya suka menonton wawancara mereka.,Positif
Saya tidak terkesan dengan rilis terbaru mereka.,Negatif
Saya tidak punya pendapat kuat tentang mereka.,Netral
Lirik lagu mereka tidak masuk akal bagi saya.,Negatif
"Mereka cukup baik, tapi tidak terlalu spesial.",Netral
"Musik mereka oke, tidak lebih tidak kurang.",Netral
Selera fashion mereka luar biasa!,Positif
Vokal mereka selalu bagus!,Positif
Mereka punya gaya unik yang menonjol.,Positif
Single terbaru mereka biasa saja.,Netral
"Album mereka baik, tapi tidak ada yang menonjol.",Netral
"Mereka cukup baik, tapi tidak terlalu spesial.",Netral
Saya merasa biasa saja tentang album terbaru mereka.,Netral
"Saya suka album baru mereka, sangat luar biasa!",Positif
"Penampilan mereka biasa saja, tidak ada yang spesial.",Netral
Mereka punya gaya unik yang menonjol.,Positif
"Penampilan mereka biasa saja, tidak ada yang spesial.",Netral
"Lagu barunya bagus, tapi tidak luar biasa.",Netral
Saya merasa biasa saja tentang album terbaru mereka.,Netral
Fan meeting-nya sangat terorganisir.,Positif
Saya suka menonton wawancara mereka.,Positif
Single terbaru mereka biasa saja.,Netral
Selera fashion mereka luar biasa!,Positif
Mereka punya gaya unik yang menonjol.,Positif
Lirik lagu mereka tidak masuk akal bagi saya.,Negatif
Saya tidak punya pendapat kuat tentang mereka.,Netral
Saya tidak terkesan dengan rilis terbaru mereka.,Negatif
Saya tidak punya pendapat kuat tentang mereka.,Netral
Saya merasa biasa saja tentang album terbaru mereka.,Netral
Mereka punya gaya unik yang menonjol.,Positif
"Album mereka baik, tapi tidak ada yang menonjol.",Netral
Saya tidak punya pendapat kuat tentang mereka.,Netral
"Penampilan mereka biasa saja, tidak ada yang spesial.",Netral
Saya tidak suka gaya baru mereka.,Negatif
Saya kecewa dengan penampilan mereka.,Negatif
Lirik lagu mereka tidak masuk akal bagi saya.,Negatif
Saya suka menonton wawancara mereka.,Positif
Saya suka menonton wawancara mereka.,Positif
Saya tidak terkesan dengan rilis terbaru mereka.,Negatif
Penampilan mereka lumayan.,Netral
Saya tidak suka gaya baru mereka.,Negatif
Saya tidak suka lagu-lagu mereka lagi.,Negatif
Saya suka menonton wawancara mereka.,Positif
"Album mereka baik, tapi tidak ada yang menonjol.",Netral
Single terbaru mereka biasa saja.,Netral
Saya tidak terkesan dengan rilis terbaru mereka.,Negatif
Mereka punya gaya unik yang menonjol.,Positif
Single terbaru mereka biasa saja.,Netral
"Penampilan mereka biasa saja, tidak ada yang spesial.",Netral
Saya tidak suka gaya baru mereka.,Negatif
Saya tidak menyukai arah musik mereka sekarang.,Negatif
Koreografinya agak mengecewakan kali ini.,Negatif
Single terbaru mereka biasa saja.,Netral
Fan meeting-nya sangat terorganisir.,Positif
"Saya suka album baru mereka, sangat luar biasa!",Positif
Video musiknya cukup membosankan.,Negatif
Saya tidak suka lagu-lagu mereka lagi.,Negatif
Saya tidak menyukai arah musik mereka sekarang.,Negatif
Single terbaru mereka biasa saja.,Netral
Koreografinya agak mengecewakan kali ini.,Negatif
"Lagu barunya bagus, tapi tidak luar biasa.",Netral
Musik mereka sudah tidak sebagus dulu.,Negatif
Fan meeting-nya sangat terorganisir.,Positif
Koreografinya agak mengecewakan kali ini.,Negatif
Saya tidak terkesan dengan rilis terbaru mereka.,Negatif
Mereka punya gaya unik yang menonjol.,Positif
Mereka punya gaya unik yang menonjol.,Positif
"Konsernya seru, tapi kualitas suaranya bisa lebih baik.",Netral
Mereka terlalu banyak berubah.,Negatif
Saya tidak menyukai arah musik mereka sekarang.,Negatif
Pertunjukan live mereka sangat energik dan menyenangkan!,Positif
Mereka adalah yang terbaik!,Positif
Saya tidak menyukai arah musik mereka sekarang.,Negatif
"Saya suka album baru mereka, sangat luar biasa!",Positif
Pertunjukan live mereka sangat energik dan menyenangkan!,Positif
Single terbaru mereka biasa saja.,Netral
"Lagu barunya bagus, tapi tidak luar biasa.",Netral
"Mereka selalu menyuguhkan musik terbaik, sangat berbakat!",Positif
Mereka semakin baik setiap comeback!,Positif
Lirik lagu mereka tidak masuk akal bagi saya.,Negatif
Mereka terlalu banyak berubah.,Negatif
"Mereka selalu menyuguhkan musik terbaik, sangat berbakat!",Positif
Lirik lagu mereka tidak masuk akal bagi saya.,Negatif
Saya kecewa dengan penampilan mereka.,Negatif
Mereka adalah yang terbaik!,Positif
Saya kecewa dengan penampilan mereka.,Negatif
Saya tidak menyukai arah musik mereka sekarang.,Negatif
Fan meeting-nya sangat terorganisir.,Positif
"Saya suka album baru mereka, sangat luar biasa!",Positif
Fan meeting-nya sangat terorganisir.,Positif
Mereka adalah yang terbaik!,Positif
"Lagu barunya bagus, tapi tidak luar biasa.",Netral
"Lagu barunya bagus, tapi tidak luar biasa.",Netral
"Saya suka album baru mereka, sangat luar biasa!",Positif
"Mereka selalu menyuguhkan musik terbaik, sangat berbakat!",Positif
Lirik lagu mereka tidak masuk akal bagi saya.,Negatif
Single terbaru mereka biasa saja.,Netral
Fan meeting-nya sangat terorganisir.,Positif
Fan meeting-nya sangat terorganisir.,Positif
Saya merasa biasa saja tentang album terbaru mereka.,Netral
Selera fashion mereka luar biasa!,Positif
Saya tidak menyukai arah musik mereka sekarang.,Negatif
"Konsernya seru, tapi kualitas suaranya bisa lebih baik.",Netral
Fan meeting-nya sangat terorganisir.,Positif
"Konsernya seru, tapi kualitas suaranya bisa lebih baik.",Netral
"Penampilan mereka biasa saja, tidak ada yang spesial.",Netral
Saya tidak terkesan dengan rilis terbaru mereka.,Negatif
Saya kecewa dengan penampilan mereka.,Negatif
Mereka punya gaya unik yang menonjol.,Positif
"Mereka selalu menyuguhkan musik terbaik, sangat berbakat!",Positif
Saya tidak suka gaya baru mereka.,Negatif
"Musik mereka oke, tidak lebih tidak kurang.",Netral
Koreografinya agak mengecewakan kali ini.,Negatif
Lirik lagu mereka tidak masuk akal bagi saya.,Negatif
Pertunjukan live mereka sangat energik dan menyenangkan!,Positif
Single terbaru mereka biasa saja.,Netral
Mereka terlalu banyak berubah.,Negatif
"Penampilan mereka biasa saja, tidak ada yang spesial.",Netral
Fan meeting-nya sangat terorganisir.,Positif
Selera fashion mereka luar biasa!,Positif
Mereka semakin baik setiap comeback!,Positif
Pertunjukan live mereka sangat energik dan menyenangkan!,Positif
Saya kecewa dengan penampilan mereka.,Negatif
Saya suka menonton wawancara mereka.,Positif
Saya kecewa dengan penampilan mereka.,Negatif
Fan meeting-nya sangat terorganisir.,Positif
Penampilan mereka lumayan.,Netral
Pertunjukan live mereka sangat energik dan menyenangkan!,Positif
Fan meeting-nya sangat terorganisir.,Positif
Penampilan mereka lumayan.,Netral
Saya tidak punya pendapat kuat tentang mereka.,Netral
"Lagu barunya bagus, tapi tidak luar biasa.",Netral
Saya tidak punya pendapat kuat tentang mereka.,Netral
Video musiknya cukup membosankan.,Negatif
"Mereka cukup baik, tapi tidak terlalu spesial.",Netral
Lirik lagu mereka tidak masuk akal bagi saya.,Negatif
Saya suka menonton wawancara mereka.,Positif
Mereka semakin baik setiap comeback!,Positif
Saya kecewa dengan penampilan mereka.,Negatif
"Lagu barunya bagus, tapi tidak luar biasa.",Netral
"Album mereka baik, tapi tidak ada yang menonjol.",Netral
Koreografinya agak mengecewakan kali ini.,Negatif
Saya suka menonton wawancara mereka.,Positif
Saya tidak suka gaya baru mereka.,Negatif
"Mereka selalu menyuguhkan musik terbaik, sangat berbakat!",Positif
"Lagu barunya bagus, tapi tidak luar biasa.",Netral
Saya tidak menyukai arah musik mereka sekarang.,Negatif
Mereka semakin baik setiap comeback!,Positif
Mereka semakin baik setiap comeback!,Positif
Selera fashion mereka luar biasa!,Positif
Saya tidak terkesan dengan rilis terbaru mereka.,Negatif
Mereka terlalu banyak berubah.,Negatif
Lirik lagu mereka tidak masuk akal bagi saya.,Negatif
Saya suka menonton wawancara mereka.,Positif
"Saya suka album baru mereka, sangat luar biasa!",Positif
Saya tidak terkesan dengan rilis terbaru mereka.,Negatif
Video musiknya cukup membosankan.,Negatif
"Mereka selalu menyuguhkan musik terbaik, sangat berbakat!",Positif
Saya tidak terkesan dengan rilis terbaru mereka.,Negatif
"Album mereka baik, tapi tidak ada yang menonjol.",Netral
"Mereka selalu menyuguhkan musik terbaik, sangat berbakat!",Positif
Mereka adalah yang terbaik!,Positif
Mereka semakin baik setiap comeback!,Positif
Saya suka menonton wawancara mereka.,Positif
"Saya suka album baru mereka, sangat luar biasa!",Positif
Mereka punya gaya unik yang menonjol.,Positif
Saya tidak suka gaya baru mereka.,Negatif
Mereka punya gaya unik yang menonjol.,Positif
Mereka terlalu banyak berubah.,Negatif
Vokal mereka selalu bagus!,Positif
Selera fashion mereka luar biasa!,Positif
Penampilan mereka lumayan.,Netral
"Saya suka album baru mereka, sangat luar biasa!",Positif
Mereka punya gaya unik yang menonjol.,Positif
Saya kecewa dengan penampilan mereka.,Negatif
Mereka punya gaya unik yang menonjol.,Positif
Mereka adalah yang terbaik!,Positif
Saya tidak menyukai arah musik mereka sekarang.,Negatif
"Musik mereka oke, tidak lebih tidak kurang.",Netral
Selera fashion mereka luar biasa!,Positif
Lirik lagu mereka tidak masuk akal bagi saya.,Negatif
"Mereka cukup baik, tapi tidak terlalu spesial.",Netral
Single terbaru mereka biasa saja.,Netral
Saya merasa biasa saja tentang album terbaru mereka.,Netral
"Mereka selalu menyuguhkan musik terbaik, sangat berbakat!",Positif
Vokal mereka selalu bagus!,Positif
Koreografinya agak mengecewakan kali ini.,Negatif
Saya suka menonton wawancara mereka.,Positif
Mereka terlalu banyak berubah.,Negatif
Saya tidak punya pendapat kuat tentang mereka.,Netral
Mereka semakin baik setiap comeback!,Positif
Lirik lagu mereka tidak masuk akal bagi saya.,Negatif
"Konsernya seru, tapi kualitas suaranya bisa lebih baik.",Netral
Koreografinya agak mengecewakan kali ini.,Negatif
"Album mereka baik, tapi tidak ada yang menonjol.",Netral
"Album mereka baik, tapi tidak ada yang menonjol.",Netral
Fan meeting-nya sangat terorganisir.,Positif
Mereka terlalu banyak berubah.,Negatif
Pertunjukan live mereka sangat energik dan menyenangkan!,Positif
Penampilan mereka lumayan.,Netral
Saya kecewa dengan penampilan mereka.,Negatif
Musik mereka sudah tidak sebagus dulu.,Negatif
Lirik lagu mereka tidak masuk akal bagi saya.,Negatif
"Penampilan mereka biasa saja, tidak ada yang spesial.",Netral
"Album mereka baik, tapi tidak ada yang menonjol.",Netral
"Musik mereka oke, tidak lebih tidak kurang.",Netral
Saya tidak suka lagu-lagu mereka lagi.,Negatif
Koreografinya agak mengecewakan kali ini.,Negatif
Musik mereka sudah tidak sebagus dulu.,Negatif
"Saya suka album baru mereka, sangat luar biasa!",Positif
Fan meeting-nya sangat terorganisir.,Positif
"Konsernya seru, tapi kualitas suaranya bisa lebih baik.",Netral
"Album mereka baik, tapi tidak ada yang menonjol.",Netral
Saya tidak suka gaya baru mereka.,Negatif
Saya suka menonton wawancara mereka.,Positif
Lirik lagu mereka tidak masuk akal bagi saya.,Negatif
Saya tidak suka lagu-lagu mereka lagi.,Negatif
Pertunjukan live mereka sangat energik dan menyenangkan!,Positif
Saya suka menonton wawancara mereka.,Positif
Mereka terlalu banyak berubah.,Negatif
Selera fashion mereka luar biasa!,Positif
Mereka terlalu banyak berubah.,Negatif
Saya tidak suka lagu-lagu mereka lagi.,Negatif
"Mereka cukup baik, tapi tidak terlalu spesial.",Netral
Video musiknya cukup membosankan.,Negatif
"Musik mereka oke, tidak lebih tidak kurang.",Netral
Fan meeting-nya sangat terorganisir.,Positif
Video musiknya cukup membosankan.,Negatif
Koreografinya agak mengecewakan kali ini.,Negatif
Mereka punya gaya unik yang menonjol.,Positif
Mereka punya gaya unik yang menonjol.,Positif
"Saya suka album baru mereka, sangat luar biasa!",Positif
Saya tidak menyukai arah musik mereka sekarang.,Negatif
Mereka terlalu banyak berubah.,Negatif
Mereka punya gaya unik yang menonjol.,Positif
Saya tidak suka lagu-lagu mereka lagi.,Negatif
Saya kecewa dengan penampilan mereka.,Negatif
Penampilan mereka lumayan.,Netral
Mereka terlalu banyak berubah.,Negatif
Saya kecewa dengan penampilan mereka.,Negatif
Mereka adalah yang terbaik!,Positif
Mereka punya gaya unik yang menonjol.,Positif
Video musiknya cukup membosankan.,Negatif
Saya tidak terkesan dengan rilis terbaru mereka.,Negatif
Vokal mereka selalu bagus!,Positif
Fan meeting-nya sangat terorganisir.,Positif
Musik mereka sudah tidak sebagus dulu.,Negatif
Saya kecewa dengan penampilan mereka.,Negatif
"Lagu barunya bagus, tapi tidak luar biasa.",Netral
"Lagu barunya bagus, tapi tidak luar biasa.",Netral
Mereka semakin baik setiap comeback!,Positif
Saya merasa biasa saja tentang album terbaru mereka.,Netral
"Konsernya seru, tapi kualitas suaranya bisa lebih baik.",Netral
Mereka punya gaya unik yang menonjol.,Positif
Video musiknya cukup membosankan.,Negatif
Mereka punya gaya unik yang menonjol.,Positif
Penampilan mereka lumayan.,Netral
"Album mereka baik, tapi tidak ada yang menonjol.",Netral
Mereka terlalu banyak berubah.,Negatif
Single terbaru mereka biasa saja.,Netral
Saya kecewa dengan penampilan mereka.,Negatif
Pertunjukan live mereka sangat energik dan menyenangkan!,Positif
Mereka terlalu banyak berubah.,Negatif
Mereka terlalu banyak berubah.,Negatif
Penampilan mereka lumayan.,Netral
Selera fashion mereka luar biasa!,Positif
Video musiknya cukup membosankan.,Negatif
Saya kecewa dengan penampilan mereka.,Negatif
Fan meeting-nya sangat terorganisir.,Positif
"Saya suka album baru mereka, sangat luar biasa!",Positif
Saya tidak suka lagu-lagu mereka lagi.,Negatif
Selera fashion mereka luar biasa!,Positif
Saya tidak terkesan dengan rilis terbaru mereka.,Negatif
Musik mereka sudah tidak sebagus dulu.,Negatif
Mereka punya gaya unik yang menonjol.,Positif
Saya merasa biasa saja tentang album terbaru mereka.,Netral
Vokal mereka selalu bagus!,Positif
Saya suka menonton wawancara mereka.,Positif
Saya tidak terkesan dengan rilis terbaru mereka.,Negatif
Video musiknya cukup membosankan.,Negatif
Koreografinya agak mengecewakan kali ini.,Negatif
Musik mereka sudah tidak sebagus dulu.,Negatif
"Musik mereka oke, tidak lebih tidak kurang.",Netral
Single terbaru mereka biasa saja.,Netral
Saya merasa biasa saja tentang album terbaru mereka.,Netral
"Mereka selalu menyuguhkan musik terbaik, sangat berbakat!",Positif
Mereka adalah yang terbaik!,Positif
Saya tidak menyukai arah musik mereka sekarang.,Negatif
Lirik lagu mereka tidak masuk akal bagi saya.,Negatif
Single terbaru mereka biasa saja.,Netral
Saya merasa biasa saja tentang album terbaru mereka.,Netral
Selera fashion mereka luar biasa!,Positif
Saya suka menonton wawancara mereka.,Positif
Video musiknya cukup membosankan.,Negatif
"Mereka cukup baik, tapi tidak terlalu spesial.",Netral
Saya kecewa dengan penampilan mereka.,Negatif
"Musik mereka oke, tidak lebih tidak kurang.",Netral
Video musiknya cukup membosankan.,Negatif
"Saya suka album baru mereka, sangat luar biasa!",Positif
Mereka punya gaya unik yang menonjol.,Positif
Saya tidak terkesan dengan rilis terbaru mereka.,Negatif
Single terbaru mereka biasa saja.,Netral
Vokal mereka selalu bagus!,Positif
Penampilan mereka lumayan.,Netral
Lirik lagu mereka tidak masuk akal bagi saya.,Negatif
Vokal mereka selalu bagus!,Positif
"Album mereka baik, tapi tidak ada yang menonjol.",Netral
Single terbaru mereka biasa saja.,Netral
"Album mereka baik, tapi tidak ada yang menonjol.",Netral
"Penampilan mereka biasa saja, tidak ada yang spesial.",Netral
Penampilan mereka lumayan.,Netral
Mereka adalah yang terbaik!,Positif
Saya kecewa dengan penampilan mereka.,Negatif
Saya tidak suka lagu-lagu mereka lagi.,Negatif
Saya kecewa dengan penampilan mereka.,Negatif
Penampilan mereka lumayan.,Netral
Selera fashion mereka luar biasa!,Positif
Mereka semakin baik setiap comeback!,Positif
Koreografinya agak mengecewakan kali ini.,Negatif
Saya tidak suka lagu-lagu mereka lagi.,Negatif
Saya suka menonton wawancara mereka.,Positif
Saya merasa biasa saja tentang album terbaru mereka.,Netral
Fan meeting-nya sangat terorganisir.,Positif
Saya tidak suka gaya baru mereka.,Negatif
Video musiknya cukup membosankan.,Negatif
Saya suka menonton wawancara mereka.,Positif
Video musiknya cukup membosankan.,Negatif
Pertunjukan live mereka sangat energik dan menyenangkan!,Positif
Selera fashion mereka luar biasa!,Positif
Saya tidak terkesan dengan rilis terbaru mereka.,Negatif
Mereka terlalu banyak berubah.,Negatif
Lirik lagu mereka tidak masuk akal bagi saya.,Negatif
Saya suka menonton wawancara mereka.,Positif
"Album mereka baik, tapi tidak ada yang menonjol.",Netral
Fan meeting-nya sangat terorganisir.,Positif
Saya tidak suka gaya baru mereka.,Negatif
Fan meeting-nya sangat terorganisir.,Positif
Saya suka menonton wawancara mereka.,Positif
Selera fashion mereka luar biasa!,Positif
Saya tidak suka gaya baru mereka.,Negatif
"Lagu barunya bagus, tapi tidak luar biasa.",Netral
Mereka terlalu banyak berubah.,Negatif
Musik mereka sudah tidak sebagus dulu.,Negatif
Pertunjukan live mereka sangat energik dan menyenangkan!,Positif
"Lagu barunya bagus, tapi tidak luar biasa.",Netral
Saya merasa biasa saja tentang album terbaru mereka.,Netral
"Album mereka baik, tapi tidak ada yang menonjol.",Netral
Video musiknya cukup membosankan.,Negatif
Musik mereka sudah tidak sebagus dulu.,Negatif
Pertunjukan live mereka sangat energik dan menyenangkan!,Positif
"Konsernya seru, tapi kualitas suaranya bisa lebih baik.",Netral
Penampilan mereka lumayan.,Netral
Saya suka menonton wawancara mereka.,Positif
Musik mereka sudah tidak sebagus dulu.,Negatif
Saya tidak punya pendapat kuat tentang mereka.,Netral
Saya suka menonton wawancara mereka.,Positif
"Saya suka album baru mereka, sangat luar biasa!",Positif
Fan meeting-nya sangat terorganisir.,Positif
Lirik lagu mereka tidak masuk akal bagi saya.,Negatif
"Mereka cukup baik, tapi tidak terlalu spesial.",Netral
Lirik lagu mereka tidak masuk akal bagi saya.,Negatif
Saya merasa biasa saja tentang album terbaru mereka.,Netral
Vokal mereka selalu bagus!,Positif
Saya kecewa dengan penampilan mereka.,Negatif
Penampilan mereka lumayan.,Netral
Saya tidak punya pendapat kuat tentang mereka.,Netral
Saya merasa biasa saja tentang album terbaru mereka.,Netral
Penampilan mereka lumayan.,Netral
Saya kecewa dengan penampilan mereka.,Negatif
Saya tidak suka lagu-lagu mereka lagi.,Negatif
Saya tidak terkesan dengan rilis terbaru mereka.,Negatif
"Musik mereka oke, tidak lebih tidak kurang.",Netral
Saya tidak punya pendapat kuat tentang mereka.,Netral
Vokal mereka selalu bagus!,Positif
"Penampilan mereka biasa saja, tidak ada yang spesial.",Netral
Saya tidak menyukai arah musik mereka sekarang.,Negatif
"Mereka selalu menyuguhkan musik terbaik, sangat berbakat!",Positif
Pertunjukan live mereka sangat energik dan menyenangkan!,Positif
Saya merasa biasa saja tentang album terbaru mereka.,Netral
Saya suka menonton wawancara mereka.,Positif
"Konsernya seru, tapi kualitas suaranya bisa lebih baik.",Netral
Mereka terlalu banyak berubah.,Negatif
"Saya suka album baru mereka, sangat luar biasa!",Positif
Saya suka menonton wawancara mereka.,Positif
"Lagu barunya bagus, tapi tidak luar biasa.",Netral
Fan meeting-nya sangat terorganisir.,Positif
Saya merasa biasa saja tentang album terbaru mereka.,Netral
"Mereka cukup baik, tapi tidak terlalu spesial.",Netral
Mereka terlalu banyak berubah.,Negatif
"Mereka selalu menyuguhkan musik terbaik, sangat berbakat!",Positif
Koreografinya agak mengecewakan kali ini.,Negatif
"Mereka selalu menyuguhkan musik terbaik, sangat berbakat!",Positif
Penampilan mereka lumayan.,Netral
Saya tidak suka lagu-lagu mereka lagi.,Negatif
"Lagu barunya bagus, tapi tidak luar biasa.",Netral
Saya tidak terkesan dengan rilis terbaru mereka.,Negatif
Mereka punya gaya unik yang menonjol.,Positif
Saya tidak suka gaya baru mereka.,Negatif
Video musiknya cukup membosankan.,Negatif
Selera fashion mereka luar biasa!,Positif
Single terbaru mereka biasa saja.,Netral
Vokal mereka selalu bagus!,Positif
Fan meeting-nya sangat terorganisir.,Positif
Saya tidak suka gaya baru mereka.,Negatif
"Lagu barunya bagus, tapi tidak luar biasa.",Netral
Saya tidak suka lagu-lagu mereka lagi.,Negatif
Penampilan mereka lumayan.,Netral
"Penampilan mereka biasa saja, tidak ada yang spesial.",Netral
Mereka terlalu banyak berubah.,Negatif
Mereka punya gaya unik yang menonjol.,Positif
Saya merasa biasa saja tentang album terbaru mereka.,Netral
Saya tidak suka gaya baru mereka.,Negatif
Fan meeting-nya sangat terorganisir.,Positif
"Mereka selalu menyuguhkan musik terbaik, sangat berbakat!",Positif
Mereka terlalu banyak berubah.,Negatif
Saya tidak suka lagu-lagu mereka lagi.,Negatif
Vokal mereka selalu bagus!,Positif
Lirik lagu mereka tidak masuk akal bagi saya.,Negatif
Saya suka menonton wawancara mereka.,Positif
Mereka terlalu banyak berubah.,Negatif
Saya suka menonton wawancara mereka.,Positif
Saya tidak suka gaya baru mereka.,Negatif
Saya kecewa dengan penampilan mereka.,Negatif
Pertunjukan live mereka sangat energik dan menyenangkan!,Positif
Saya tidak menyukai arah musik mereka sekarang.,Negatif
Video musiknya cukup membosankan.,Negatif
Mereka semakin baik setiap comeback!,Positif
"Konsernya seru, tapi kualitas suaranya bisa lebih baik.",Netral
Video musiknya cukup membosankan.,Negatif
Penampilan mereka lumayan.,Netral
"Album mereka baik, tapi tidak ada yang menonjol.",Netral
Mereka semakin baik setiap comeback!,Positif
"Konsernya seru, tapi kualitas suaranya bisa lebih baik.",Netral
Saya tidak menyukai arah musik mereka sekarang.,Negatif
"Mereka selalu menyuguhkan musik terbaik, sangat berbakat!",Positif
Saya tidak menyukai arah musik mereka sekarang.,Negatif
"Musik mereka oke, tidak lebih tidak kurang.",Netral
Saya suka menonton wawancara mereka.,Positif
Saya merasa biasa saja tentang album terbaru mereka.,Netral
Pertunjukan live mereka sangat energik dan menyenangkan!,Positif
"Saya suka album baru mereka, sangat luar biasa!",Positif
Saya kecewa dengan penampilan mereka.,Negatif
Video musiknya cukup membosankan.,Negatif
Saya tidak suka gaya baru mereka.,Negatif
"Penampilan mereka biasa saja, tidak ada yang spesial.",Netral
Single terbaru mereka biasa saja.,Netral
Saya tidak suka lagu-lagu mereka lagi.,Negatif
"Mereka cukup baik, tapi tidak terlalu spesial.",Netral
Musik mereka sudah tidak sebagus dulu.,Negatif
Saya tidak punya pendapat kuat tentang mereka.,Netral
Saya tidak punya pendapat kuat tentang mereka.,Netral
Saya merasa biasa saja tentang album terbaru mereka.,Netral
Mereka adalah yang terbaik!,Positif
Saya tidak menyukai arah musik mereka sekarang.,Negatif
Saya kecewa dengan penampilan mereka.,Negatif
Video musiknya cukup membosankan.,Negatif
"Konsernya seru, tapi kualitas suaranya bisa lebih baik.",Netral
Mereka adalah yang terbaik!,Positif
Saya merasa biasa saja tentang album terbaru mereka.,Netral
Pertunjukan live mereka sangat energik dan menyenangkan!,Positif
Mereka punya gaya unik yang menonjol.,Positif
Saya tidak suka gaya baru mereka.,Negatif
"Penampilan mereka biasa saja, tidak ada yang spesial.",Netral
"Penampilan mereka biasa saja, tidak ada yang spesial.",Netral
Musik mereka sudah tidak sebagus dulu.,Negatif
"Saya suka album baru mereka, sangat luar biasa!",Positif
Penampilan mereka lumayan.,Netral
"Album mereka baik, tapi tidak ada yang menonjol.",Netral
Koreografinya agak mengecewakan kali ini.,Negatif
Musik mereka sudah tidak sebagus dulu.,Negatif
Saya tidak suka gaya baru mereka.,Negatif
"Konsernya seru, tapi kualitas suaranya bisa lebih baik.",Netral
Single terbaru mereka biasa saja.,Netral
Mereka terlalu banyak berubah.,Negatif
Fan meeting-nya sangat terorganisir.,Positif
"Konsernya seru, tapi kualitas suaranya bisa lebih baik.",Netral
Mereka terlalu banyak berubah.,Negatif
"Mereka cukup baik, tapi tidak terlalu spesial.",Netral
Saya suka menonton wawancara mereka.,Positif
Vokal mereka selalu bagus!,Positif
"Penampilan mereka biasa saja, tidak ada yang spesial.",Netral
Musik mereka sudah tidak sebagus dulu.,Negatif
Mereka terlalu banyak berubah.,Negatif
Saya kecewa dengan penampilan mereka.,Negatif
"Saya suka album baru mereka, sangat luar biasa!",Positif
Mereka punya gaya unik yang menonjol.,Positif
Selera fashion mereka luar biasa!,Positif
"Album mereka baik, tapi tidak ada yang menonjol.",Netral
Saya tidak punya pendapat kuat tentang mereka.,Netral
Lirik lagu mereka tidak masuk akal bagi saya.,Negatif
"Lagu barunya bagus, tapi tidak luar biasa.",Netral
Selera fashion mereka luar biasa!,Positif
Saya suka menonton wawancara mereka.,Positif
Mereka semakin baik setiap comeback!,Positif
Mereka punya gaya unik yang menonjol.,Positif
Saya tidak menyukai arah musik mereka sekarang.,Negatif
Saya tidak suka gaya baru mereka.,Negatif
Penampilan mereka lumayan.,Netral
"Lagu barunya bagus, tapi tidak luar biasa.",Netral
"Saya suka album baru mereka, sangat luar biasa!",Positif
Penampilan mereka lumayan.,Netral
Saya tidak terkesan dengan rilis terbaru mereka.,Negatif
Mereka terlalu banyak berubah.,Negatif
"Album mereka baik, tapi tidak ada yang menonjol.",Netral
Penampilan mereka lumayan.,Netral
Vokal mereka selalu bagus!,Positif
Mereka punya gaya unik yang menonjol.,Positif
Saya tidak punya pendapat kuat tentang mereka.,Netral
"Saya suka album baru mereka, sangat luar biasa!",Positif
Koreografinya agak mengecewakan kali ini.,Negatif
Mereka punya gaya unik yang menonjol.,Positif
Musik mereka sudah tidak sebagus dulu.,Negatif
Selera fashion mereka luar biasa!,Positif
"Penampilan mereka biasa saja, tidak ada yang spesial.",Netral
Video musiknya cukup membosankan.,Negatif
Saya suka menonton wawancara mereka.,Positif
"Musik mereka oke, tidak lebih tidak kurang.",Netral
Saya tidak menyukai arah musik mereka sekarang.,Negatif
Saya tidak punya pendapat kuat tentang mereka.,Netral
Mereka adalah yang terbaik!,Positif
Saya merasa biasa saja tentang album terbaru mereka.,Netral
Pertunjukan live mereka sangat energik dan menyenangkan!,Positif
Selera fashion mereka luar biasa!,Positif
Saya tidak punya pendapat kuat tentang mereka.,Netral
Saya tidak punya pendapat kuat tentang mereka.,Netral
"Penampilan mereka biasa saja, tidak ada yang spesial.",Netral
Pertunjukan live mereka sangat energik dan menyenangkan!,Positif
Saya merasa biasa saja tentang album terbaru mereka.,Netral
Saya kecewa dengan penampilan mereka.,Negatif
Fan meeting-nya sangat terorganisir.,Positif
"Mereka cukup baik, tapi tidak terlalu spesial.",Netral
Saya tidak terkesan dengan rilis terbaru mereka.,Negatif
Saya tidak punya pendapat kuat tentang mereka.,Netral
Saya merasa biasa saja tentang album terbaru mereka.,Netral
Saya merasa biasa saja tentang album terbaru mereka.,Netral
"Konsernya seru, tapi kualitas suaranya bisa lebih baik.",Netral
Selera fashion mereka luar biasa!,Positif
"Mereka selalu menyuguhkan musik terbaik, sangat berbakat!",Positif
Saya tidak menyukai arah musik mereka sekarang.,Negatif
Mereka semakin baik setiap comeback!,Positif
Video musiknya cukup membosankan.,Negatif
"Album mereka baik, tapi tidak ada yang menonjol.",Netral
Saya tidak terkesan dengan rilis terbaru mereka.,Negatif
"Konsernya seru, tapi kualitas suaranya bisa lebih baik.",Netral
"Saya suka album baru mereka, sangat luar biasa!",Positif
Saya tidak terkesan dengan rilis terbaru mereka.,Negatif
Video musiknya cukup membosankan.,Negatif
Selera fashion mereka luar biasa!,Positif
Vokal mereka selalu bagus!,Positif
Koreografinya agak mengecewakan kali ini.,Negatif
Saya tidak punya pendapat kuat tentang mereka.,Netral
Selera fashion mereka luar biasa!,Positif
Pertunjukan live mereka sangat energik dan menyenangkan!,Positif
Saya kecewa dengan penampilan mereka.,Negatif
Saya tidak terkesan dengan rilis terbaru mereka.,Negatif
Selera fashion mereka luar biasa!,Positif
Penampilan mereka lumayan.,Netral
Vokal mereka selalu bagus!,Positif
Saya kecewa dengan penampilan mereka.,Negatif
"Penampilan mereka biasa saja, tidak ada yang spesial.",Netral
Koreografinya agak mengecewakan kali ini.,Negatif
Musik mereka sudah tidak sebagus dulu.,Negatif
Musik mereka sudah tidak sebagus dulu.,Negatif
Pertunjukan live mereka sangat energik dan menyenangkan!,Positif
Fan meeting-nya sangat terorganisir.,Positif
Musik mereka sudah tidak sebagus dulu.,Negatif
"Album mereka baik, tapi tidak ada yang menonjol.",Netral
Pertunjukan live mereka sangat energik dan menyenangkan!,Positif
Saya kecewa dengan penampilan mereka.,Negatif
Saya tidak suka gaya baru mereka.,Negatif
Saya tidak menyukai arah musik mereka sekarang.,Negatif
Mereka punya gaya unik yang menonjol.,Positif
Saya merasa biasa saja tentang album terbaru mereka.,Netral
Selera fashion mereka luar biasa!,Positif
Saya kecewa dengan penampilan mereka.,Negatif
Saya kecewa dengan penampilan mereka.,Negatif
Video musiknya cukup membosankan.,Negatif
Mereka terlalu banyak berubah.,Negatif
"Lagu barunya bagus, tapi tidak luar biasa.",Netral
Saya tidak suka gaya baru mereka.,Negatif
Selera fashion mereka luar biasa!,Positif
Lirik lagu mereka tidak masuk akal bagi saya.,Negatif
"Mereka cukup baik, tapi tidak terlalu spesial.",Netral
Saya merasa biasa saja tentang album terbaru mereka.,Netral
Fan meeting-nya sangat terorganisir.,Positif
Penampilan mereka lumayan.,Netral
Selera fashion mereka luar biasa!,Positif
Saya suka menonton wawancara mereka.,Positif
Pertunjukan live mereka sangat energik dan menyenangkan!,Positif
Saya suka menonton wawancara mereka.,Positif
"Album mereka baik, tapi tidak ada yang menonjol.",Netral
Selera fashion mereka luar biasa!,Positif
Video musiknya cukup membosankan.,Negatif
Saya tidak terkesan dengan rilis terbaru mereka.,Negatif
Mereka adalah yang terbaik!,Positif
Musik mereka sudah tidak sebagus dulu.,Negatif
Selera fashion mereka luar biasa!,Positif
"Musik mereka oke, tidak lebih tidak kurang.",Netral
Koreografinya agak mengecewakan kali ini.,Negatif
"Mereka selalu menyuguhkan musik terbaik, sangat berbakat!",Positif
Video musiknya cukup membosankan.,Negatif
Lirik lagu mereka tidak masuk akal bagi saya.,Negatif
Lirik lagu mereka tidak masuk akal bagi saya.,Negatif
Single terbaru mereka biasa saja.,Netral
Saya tidak punya pendapat kuat tentang mereka.,Netral
"Penampilan mereka biasa saja, tidak ada yang spesial.",Netral
Koreografinya agak mengecewakan kali ini.,Negatif
Pertunjukan live mereka sangat energik dan menyenangkan!,Positif
Selera fashion mereka luar biasa!,Positif
Saya suka menonton wawancara mereka.,Positif
"Musik mereka oke, tidak lebih tidak kurang.",Netral
Mereka adalah yang terbaik!,Positif
Saya tidak suka lagu-lagu mereka lagi.,Negatif
Video musiknya cukup membosankan.,Negatif
Mereka adalah yang terbaik!,Positif
Mereka terlalu banyak berubah.,Negatif
Saya kecewa dengan penampilan mereka.,Negatif
Single terbaru mereka biasa saja.,Netral
Saya tidak menyukai arah musik mereka sekarang.,Negatif
Saya suka menonton wawancara mereka.,Positif
Saya tidak terkesan dengan rilis terbaru mereka.,Negatif
Mereka terlalu banyak berubah.,Negatif
Saya kecewa dengan penampilan mereka.,Negatif
Penampilan mereka lumayan.,Netral
"Saya suka album baru mereka, sangat luar biasa!",Positif
Single terbaru mereka biasa saja.,Netral
Saya tidak menyukai arah musik mereka sekarang.,Negatif
Saya suka menonton wawancara mereka.,Positif
Penampilan mereka lumayan.,Netral
Single terbaru mereka biasa saja.,Netral
Penampilan mereka lumayan.,Netral
Saya tidak punya pendapat kuat tentang mereka.,Netral
Lirik lagu mereka tidak masuk akal bagi saya.,Negatif
Mereka adalah yang terbaik!,Positif
Mereka punya gaya unik yang menonjol.,Positif
"Mereka selalu menyuguhkan musik terbaik, sangat berbakat!",Positif
Vokal mereka selalu bagus!,Positif
Saya tidak suka gaya baru mereka.,Negatif
"Konsernya seru, tapi kualitas suaranya bisa lebih baik.",Netral
Koreografinya agak mengecewakan kali ini.,Negatif
Selera fashion mereka luar biasa!,Positif
Fan meeting-nya sangat terorganisir.,Positif
"Album mereka baik, tapi tidak ada yang menonjol.",Netral
Pertunjukan live mereka sangat energik dan menyenangkan!,Positif
Lirik lagu mereka tidak masuk akal bagi saya.,Negatif
"Lagu barunya bagus, tapi tidak luar biasa.",Netral
Video musiknya cukup membosankan.,Negatif
"Penampilan mereka biasa saja, tidak ada yang spesial.",Netral
"Musik mereka oke, tidak lebih tidak kurang.",Netral
Selera fashion mereka luar biasa!,Positif
"Saya suka album baru mereka, sangat luar biasa!",Positif
Mereka adalah yang terbaik!,Positif
"Album mereka baik, tapi tidak ada yang menonjol.",Netral
Vokal mereka selalu bagus!,Positif
"Konsernya seru, tapi kualitas suaranya bisa lebih baik.",Netral
Vokal mereka selalu bagus!,Positif
"Konsernya seru, tapi kualitas suaranya bisa lebih baik.",Netral
Penampilan mereka lumayan.,Netral
"Album mereka baik, tapi tidak ada yang menonjol.",Netral
Saya tidak suka lagu-lagu mereka lagi.,Negatif
Saya tidak punya pendapat kuat tentang mereka.,Netral
Saya kecewa dengan penampilan mereka.,Negatif
Selera fashion mereka luar biasa!,Positif
Saya kecewa dengan penampilan mereka.,Negatif
"Saya suka album baru mereka, sangat luar biasa!",Positif
Fan meeting-nya sangat terorganisir.,Positif
"Mereka selalu menyuguhkan musik terbaik, sangat berbakat!",Positif
Saya tidak punya pendapat kuat tentang mereka.,Netral
Saya kecewa dengan penampilan mereka.,Negatif
Mereka punya gaya unik yang menonjol.,Positif
Saya suka menonton wawancara mereka.,Positif
Lirik lagu mereka tidak masuk akal bagi saya.,Negatif
Musik mereka sudah tidak sebagus dulu.,Negatif
Koreografinya agak mengecewakan kali ini.,Negatif
Video musiknya cukup membosankan.,Negatif
Saya suka menonton wawancara mereka.,Positif
Lirik lagu mereka tidak masuk akal bagi saya.,Negatif
"Penampilan mereka biasa saja, tidak ada yang spesial.",Netral
"Album mereka baik, tapi tidak ada yang menonjol.",Netral
Lirik lagu mereka tidak masuk akal bagi saya.,Negatif
Saya suka menonton wawancara mereka.,Positif
"Musik mereka oke, tidak lebih tidak kurang.",Netral
Mereka punya gaya unik yang menonjol.,Positif
Video musiknya cukup membosankan.,Negatif
"Mereka cukup baik, tapi tidak terlalu spesial.",Netral
Saya tidak suka lagu-lagu mereka lagi.,Negatif
Pertunjukan live mereka sangat energik dan menyenangkan!,Positif
Mereka semakin baik setiap comeback!,Positif
Lirik lagu mereka tidak masuk akal bagi saya.,Negatif
"Mereka cukup baik, tapi tidak terlalu spesial.",Netral
Saya kecewa dengan penampilan mereka.,Negatif
"Konsernya seru, tapi kualitas suaranya bisa lebih baik.",Netral
Selera fashion mereka luar biasa!,Positif
Mereka semakin baik setiap comeback!,Positif
"Mereka cukup baik, tapi tidak terlalu spesial.",Netral
Mereka adalah yang terbaik!,Positif
"Mereka selalu menyuguhkan musik terbaik, sangat berbakat!",Positif
Video musiknya cukup membosankan.,Negatif
Saya tidak suka gaya baru mereka.,Negatif
Lirik lagu mereka tidak masuk akal bagi saya.,Negatif
Saya tidak suka gaya baru mereka.,Negatif
"Penampilan mereka biasa saja, tidak ada yang spesial.",Netral
"Mereka selalu menyuguhkan musik terbaik, sangat berbakat!",Positif
Saya tidak punya pendapat kuat tentang mereka.,Netral
Single terbaru mereka biasa saja.,Netral
Video musiknya cukup membosankan.,Negatif
"Mereka cukup baik, tapi tidak terlalu spesial.",Netral
"Saya suka album baru mereka, sangat luar biasa!",Positif
Single terbaru mereka biasa saja.,Netral
Koreografinya agak mengecewakan kali ini.,Negatif
Saya suka menonton wawancara mereka.,Positif
Video musiknya cukup membosankan.,Negatif
Mereka adalah yang terbaik!,Positif
"Lagu barunya bagus, tapi tidak luar biasa.",Netral
Saya merasa biasa saja tentang album terbaru mereka.,Netral
Saya tidak menyukai arah musik mereka sekarang.,Negatif
Saya tidak menyukai arah musik mereka sekarang.,Negatif
Mereka terlalu banyak berubah.,Negatif
Mereka adalah yang terbaik!,Positif
Saya kecewa dengan penampilan mereka.,Negatif
Saya tidak terkesan dengan rilis terbaru mereka.,Negatif
Saya tidak punya pendapat kuat tentang mereka.,Netral
Single terbaru mereka biasa saja.,Netral
Mereka semakin baik setiap comeback!,Positif
Mereka punya gaya unik yang menonjol.,Positif
Saya merasa biasa saja tentang album terbaru mereka.,Netral
Saya suka menonton wawancara mereka.,Positif
"Mereka selalu menyuguhkan musik terbaik, sangat berbakat!",Positif
Single terbaru mereka biasa saja.,Netral
Mereka punya gaya unik yang menonjol.,Positif
Mereka semakin baik setiap comeback!,Positif
Selera fashion mereka luar biasa!,Positif
Mereka terlalu banyak berubah.,Negatif
Vokal mereka selalu bagus!,Positif
Mereka adalah yang terbaik!,Positif
"Saya suka album baru mereka, sangat luar biasa!",Positif
Mereka terlalu banyak berubah.,Negatif
Penampilan mereka lumayan.,Netral
Penampilan mereka lumayan.,Netral
Saya suka menonton wawancara mereka.,Positif
Musik mereka sudah tidak sebagus dulu.,Negatif
Mereka terlalu banyak berubah.,Negatif
Mereka terlalu banyak berubah.,Negatif
Saya merasa biasa saja tentang album terbaru mereka.,Netral
Saya tidak terkesan dengan rilis terbaru mereka.,Negatif
Lirik lagu mereka tidak masuk akal bagi saya.,Negatif
Saya tidak suka gaya baru mereka.,Negatif
Pertunjukan live mereka sangat energik dan menyenangkan!,Positif
Video musiknya cukup membosankan.,Negatif
Mereka terlalu banyak berubah.,Negatif
Mereka terlalu banyak berubah.,Negatif
Mereka semakin baik setiap comeback!,Positif
Musik mereka sudah tidak sebagus dulu.,Negatif
Vokal mereka selalu bagus!,Positif
"Mereka selalu menyuguhkan musik terbaik, sangat berbakat!",Positif
"Mereka selalu menyuguhkan musik terbaik, sangat berbakat!",Positif
Saya tidak menyukai arah musik mereka sekarang.,Negatif
Saya merasa biasa saja tentang album terbaru mereka.,Netral
Musik mereka sudah tidak sebagus dulu.,Negatif
"Musik mereka oke, tidak lebih tidak kurang.",Netral
Single terbaru mereka biasa saja.,Netral
Saya tidak suka gaya baru mereka.,Negatif
Fan meeting-nya sangat terorganisir.,Positif
"Album mereka baik, tapi tidak ada yang menonjol.",Netral
Saya tidak menyukai arah musik mereka sekarang.,Negatif
Pertunjukan live mereka sangat energik dan menyenangkan!,Positif
Mereka adalah yang terbaik!,Positif
Saya tidak suka gaya baru mereka.,Negatif
Mereka terlalu banyak berubah.,Negatif
Video musiknya cukup membosankan.,Negatif
Saya tidak suka gaya baru mereka.,Negatif
"Saya suka album baru mereka, sangat luar biasa!",Positif
Mereka adalah yang terbaik!,Positif
Lirik lagu mereka tidak masuk akal bagi saya.,Negatif
Mereka punya gaya unik yang menonjol.,Positif
Saya tidak suka gaya baru mereka.,Negatif
Video musiknya cukup membosankan.,Negatif
Mereka adalah yang terbaik!,Positif
Mereka adalah yang terbaik!,Positif
Mereka adalah yang terbaik!,Positif
"Lagu barunya bagus, tapi tidak luar biasa.",Netral
"Lagu barunya bagus, tapi tidak luar biasa.",Netral
Penampilan mereka lumayan.,Netral
Pertunjukan live mereka sangat energik dan menyenangkan!,Positif
"Mereka cukup baik, tapi tidak terlalu spesial.",Netral
Mereka punya gaya unik yang menonjol.,Positif
"Musik mereka oke, tidak lebih tidak kurang.",Netral
Fan meeting-nya sangat terorganisir.,Positif
"Lagu barunya bagus, tapi tidak luar biasa.",Netral
Vokal mereka selalu bagus!,Positif
Mereka punya gaya unik yang menonjol.,Positif
Musik mereka sudah tidak sebagus dulu.,Negatif
Mereka semakin baik setiap comeback!,Positif
Selera fashion mereka luar biasa!,Positif
Saya suka menonton wawancara mereka.,Positif
Saya tidak suka gaya baru mereka.,Negatif
"Album mereka baik, tapi tidak ada yang menonjol.",Netral
Musik mereka sudah tidak sebagus dulu.,Negatif
"Saya suka album baru mereka, sangat luar biasa!",Positif
Koreografinya agak mengecewakan kali ini.,Negatif
Selera fashion mereka luar biasa!,Positif
Saya tidak menyukai arah musik mereka sekarang.,Negatif
Single terbaru mereka biasa saja.,Netral
Koreografinya agak mengecewakan kali ini.,Negatif
"Mereka selalu menyuguhkan musik terbaik, sangat berbakat!",Positif
"Lagu barunya bagus, tapi tidak luar biasa.",Netral
Penampilan mereka lumayan.,Netral
Mereka punya gaya unik yang menonjol.,Positif
Mereka terlalu banyak berubah.,Negatif
Saya suka menonton wawancara mereka.,Positif
Fan meeting-nya sangat terorganisir.,Positif
Mereka adalah yang terbaik!,Positif
Koreografinya agak mengecewakan kali ini.,Negatif
Musik mereka sudah tidak sebagus dulu.,Negatif
Musik mereka sudah tidak sebagus dulu.,Negatif
Mereka punya gaya unik yang menonjol.,Positif
Saya tidak suka lagu-lagu mereka lagi.,Negatif
Saya suka menonton wawancara mereka.,Positif
Mereka punya gaya unik yang menonjol.,Positif
Saya tidak suka lagu-lagu mereka lagi.,Negatif
"Lagu barunya bagus, tapi tidak luar biasa.",Netral
Video musiknya cukup membosankan.,Negatif
Lirik lagu mereka tidak masuk akal bagi saya.,Negatif
Saya tidak suka gaya baru mereka.,Negatif
"Konsernya seru, tapi kualitas suaranya bisa lebih baik.",Netral
Mereka adalah yang terbaik!,Positif
Penampilan mereka lumayan.,Netral
Saya suka menonton wawancara mereka.,Positif
"Mereka cukup baik, tapi tidak terlalu spesial.",Netral
Video musiknya cukup membosankan.,Negatif
Mereka adalah yang terbaik!,Positif
Mereka adalah yang terbaik!,Positif
Mereka punya gaya unik yang menonjol.,Positif
Saya merasa biasa saja tentang album terbaru mereka.,Netral
Mereka punya gaya unik yang menonjol.,Positif
Mereka adalah yang terbaik!,Positif
Musik mereka sudah tidak sebagus dulu.,Negatif
Lirik lagu mereka tidak masuk akal bagi saya.,Negatif
Saya tidak menyukai arah musik mereka sekarang.,Negatif
Saya kecewa dengan penampilan mereka.,Negatif
"Album mereka baik, tapi tidak ada yang menonjol.",Netral
Saya tidak menyukai arah musik mereka sekarang.,Negatif
"Saya suka album baru mereka, sangat luar biasa!",Positif
"Saya suka album baru mereka, sangat luar biasa!",Positif
Single terbaru mereka biasa saja.,Netral
Saya merasa biasa saja tentang album terbaru mereka.,Netral
Mereka semakin baik setiap comeback!,Positif
Mereka semakin baik setiap comeback!,Positif
"Musik mereka oke, tidak lebih tidak kurang.",Netral
"Penampilan mereka biasa saja, tidak ada yang spesial.",Netral
Vokal mereka selalu bagus!,Positif
"Konsernya seru, tapi kualitas suaranya bisa lebih baik.",Netral
Mereka adalah yang terbaik!,Positif
Video musiknya cukup membosankan.,Negatif
"Mereka selalu menyuguhkan musik terbaik, sangat berbakat!",Positif
Saya tidak punya pendapat kuat tentang mereka.,Netral
Saya tidak punya pendapat kuat tentang mereka.,Netral
"Lagu barunya bagus, tapi tidak luar biasa.",Netral
Mereka semakin baik setiap comeback!,Positif
Saya suka menonton wawancara mereka.,Positif
Vokal mereka selalu bagus!,Positif
Video musiknya cukup membosankan.,Negatif
"Saya suka album baru mereka, sangat luar biasa!",Positif
Koreografinya agak mengecewakan kali ini.,Negatif
Saya merasa biasa saja tentang album terbaru mereka.,Netral
"Mereka selalu menyuguhkan musik terbaik, sangat berbakat!",Positif
Pertunjukan live mereka sangat energik dan menyenangkan!,Positif
Penampilan mereka lumayan.,Netral
Saya tidak terkesan dengan rilis terbaru mereka.,Negatif
Saya tidak suka lagu-lagu mereka lagi.,Negatif
"Mereka selalu menyuguhkan musik terbaik, sangat berbakat!",Positif
Video musiknya cukup membosankan.,Negatif
"Album mereka baik, tapi tidak ada yang menonjol.",Netral
Vokal mereka selalu bagus!,Positif
Saya suka menonton wawancara mereka.,Positif
Mereka semakin baik setiap comeback!,Positif
Video musiknya cukup membosankan.,Negatif
Saya tidak punya pendapat kuat tentang mereka.,Netral
Vokal mereka selalu bagus!,Positif
Koreografinya agak mengecewakan kali ini.,Negatif
"Musik mereka oke, tidak lebih tidak kurang.",Netral
Koreografinya agak mengecewakan kali ini.,Negatif
Saya kecewa dengan penampilan mereka.,Negatif
Saya tidak suka lagu-lagu mereka lagi.,Negatif
Video musiknya cukup membosankan.,Negatif
Saya tidak suka gaya baru mereka.,Negatif
Saya tidak punya pendapat kuat tentang mereka.,Netral
Saya merasa biasa saja tentang album terbaru mereka.,Netral
Saya kecewa dengan penampilan mereka.,Negatif
Saya merasa biasa saja tentang album terbaru mereka.,Netral
Selera fashion mereka luar biasa!,Positif
Lirik lagu mereka tidak masuk akal bagi saya.,Negatif
Saya suka menonton wawancara mereka.,Positif
Saya tidak menyukai arah musik mereka sekarang.,Negatif
"Album mereka baik, tapi tidak ada yang menonjol.",Netral
"Saya suka album baru mereka, sangat luar biasa!",Positif
Musik mereka sudah tidak sebagus dulu.,Negatif
Musik mereka sudah tidak sebagus dulu.,Negatif
Vokal mereka selalu bagus!,Positif
Lirik lagu mereka tidak masuk akal bagi saya.,Negatif
Pertunjukan live mereka sangat energik dan menyenangkan!,Positif
"Lagu barunya bagus, tapi tidak luar biasa.",Netral
Penampilan mereka lumayan.,Netral
Selera fashion mereka luar biasa!,Positif
"Album mereka baik, tapi tidak ada yang menonjol.",Netral
Saya kecewa dengan penampilan mereka.,Negatif
Saya tidak punya pendapat kuat tentang mereka.,Netral
Saya tidak terkesan dengan rilis terbaru mereka.,Negatif
"Lagu barunya bagus, tapi tidak luar biasa.",Netral
Lirik lagu mereka tidak masuk akal bagi saya.,Negatif
Lirik lagu mereka tidak masuk akal bagi saya.,Negatif
"Lagu barunya bagus, tapi tidak luar biasa.",Netral
Saya suka menonton wawancara mereka.,Positif
Mereka punya gaya unik yang menonjol.,Positif
Pertunjukan live mereka sangat energik dan menyenangkan!,Positif
"Lagu barunya bagus, tapi tidak luar biasa.",Netral
"Konsernya seru, tapi kualitas suaranya bisa lebih baik.",Netral
Fan meeting-nya sangat terorganisir.,Positif
Vokal mereka selalu bagus!,Positif
"Mereka selalu menyuguhkan musik terbaik, sangat berbakat!",Positif
"Musik mereka oke, tidak lebih tidak kurang.",Netral
Single terbaru mereka biasa saja.,Netral
Saya tidak menyukai arah musik mereka sekarang.,Negatif
Saya tidak suka lagu-lagu mereka lagi.,Negatif
Single terbaru mereka biasa saja.,Netral
Penampilan mereka lumayan.,Netral
"Saya suka album baru mereka, sangat luar biasa!",Positif
Koreografinya agak mengecewakan kali ini.,Negatif
Mereka semakin baik setiap comeback!,Positif
Mereka punya gaya unik yang menonjol.,Positif
"Mereka selalu menyuguhkan musik terbaik, sangat berbakat!",Positif
Mereka punya gaya unik yang menonjol.,Positif
Lirik lagu mereka tidak masuk akal bagi saya.,Negatif
"Mereka selalu menyuguhkan musik terbaik, sangat berbakat!",Positif
Penampilan mereka lumayan.,Netral
Video musiknya cukup membosankan.,Negatif
Vokal mereka selalu bagus!,Positif
Saya kecewa dengan penampilan mereka.,Negatif
Saya suka menonton wawancara mereka.,Positif
"Mereka cukup baik, tapi tidak terlalu spesial.",Netral
"Penampilan mereka biasa saja, tidak ada yang spesial.",Netral
"Mereka cukup baik, tapi tidak terlalu spesial.",Netral
Mereka semakin baik setiap comeback!,Positif
Saya tidak suka lagu-lagu mereka lagi.,Negatif
Vokal mereka selalu bagus!,Positif
